Feature,Coefficient
rain,-1978.804328572345
temperature,-9.059671081586657
snowfall,-4825.277945805929
rush_hour,-392.3702574420388
heavy_rain,2426.47529879262
any_precipitation,744.4274550793011
