Model,MAE,RMSE
Model A: Weather Only,711.3576052474003,13382.797182790015
Model B: Weather + Previous Hour Traffic,220.7521809692804,5524.18988030618
